-- Courses
INSERT INTO COURSE (ID, NAME, CATEGORY) VALUES (1, 'Course 1', 'Anime');
INSERT INTO COURSE (ID, NAME, CATEGORY) VALUES (2, 'Course 2', 'Study');
INSERT INTO COURSE (ID, NAME, CATEGORY) VALUES (3, 'Course 3', 'Cinema');

-- Authors
INSERT INTO AUTHOR (ID, NAME, EMAIL, PASSWORD) VALUES (1, 'Edilberto', 'edimarod02@gmail.com', '01234');
INSERT INTO AUTHOR (ID, NAME, EMAIL, PASSWORD) VALUES (2, 'Mario', 'edilbertof@uninorte.edu.co', '56789');

-- Profiles
INSERT INTO PROFILE (ID, NAME) VALUES (1, 'edimarod');
INSERT INTO PROFILE (ID, NAME) VALUES (2, 'edilbertof');
INSERT INTO PROFILE (ID, NAME) VALUES (3, 'edmarod');

-- Author_profiles
INSERT INTO AUTHOR_PROFILE (AUTHOR, PROFILE) VALUES (1, 1);
INSERT INTO AUTHOR_PROFILE (AUTHOR, PROFILE) VALUES (2, 2);
INSERT INTO AUTHOR_PROFILE (AUTHOR, PROFILE) VALUES (1, 3);

-- Topics
INSERT INTO TOPIC (ID, TITLE, MESSAGE, CREATIONDATE, STATUS, AUTHOR, COURSE) VALUES (1, 'One piece', 'loremp ipsum', TO_DATE('31-12-2024', 'DD-MM-YYYY'), 'ABIERTO', 1, 1);
INSERT INTO TOPIC (ID, TITLE, MESSAGE, CREATIONDATE, STATUS, AUTHOR, COURSE) VALUES (2, 'Ecuaciones diferenciales', 'loremp ipsum', TO_DATE('31-12-2024', 'DD-MM-YYYY'), 'CERRADO', 2, 2);
INSERT INTO TOPIC (ID, TITLE, MESSAGE, CREATIONDATE, STATUS, AUTHOR, COURSE) VALUES (3, 'Harry potter', 'loremp ipsum', TO_DATE('31-12-2024', 'DD-MM-YYYY'), 'ABIERTO', 1, 3);
INSERT INTO TOPIC (ID, TITLE, MESSAGE, CREATIONDATE, STATUS, AUTHOR, COURSE) VALUES (4, 'Programacion en java', 'loremp ipsum', TO_DATE('31-12-2024', 'DD-MM-YYYY'), 'PENDIENTE', 2, 2);

-- Responses
INSERT INTO RESPONSE (ID, MESSAGE, TOPIC, CREATIONDATE, AUTHOR, SOLUTION) VALUES (1, 'loremp ipsum', 1, TO_DATE('01-01-2025', 'DD-MM-YYYY'), 2, 'loremp ipsum');
INSERT INTO RESPONSE (ID, MESSAGE, TOPIC, CREATIONDATE, AUTHOR, SOLUTION) VALUES (2, 'loremp ipsum', 3, TO_DATE('01-01-2025', 'DD-MM-YYYY'), 2, 'loremp ipsum');
INSERT INTO RESPONSE (ID, MESSAGE, TOPIC, CREATIONDATE, AUTHOR, SOLUTION) VALUES (3, 'loremp ipsum', 1, TO_DATE('01-01-2025', 'DD-MM-YYYY'), 1, 'loremp ipsum');

COMMIT;